{"cameraMode":{"drawMode":0,"name":"Shaded","section":"Shading Mode"},"sceneLighting":false,"audioPlay":false,"sceneViewState":{"m_AlwaysRefresh":false,"showFog":true,"showSkybox":false,"showFlares":true,"showImageEffects":true,"showParticleSystems":true,"showVisualEffectGraphs":true,"m_FxEnabled":false},"in2DMode":false,"pivot":{"x":-20.452619552612306,"y":1.8085497617721558,"z":-5.501574516296387},"rotation":{"x":0.019848303869366647,"y":0.6773198246955872,"z":-0.01876489631831646,"w":0.7353737950325012},"size":1.0985852479934693,"orthographic":false}