{"cameraMode":{"drawMode":0,"name":"Shaded","section":"Shading Mode"},"sceneLighting":true,"audioPlay":false,"sceneViewState":{"m_AlwaysRefresh":false,"showFog":true,"showSkybox":true,"showFlares":true,"showImageEffects":true,"showParticleSystems":true,"showVisualEffectGraphs":true,"m_FxEnabled":false},"in2DMode":false,"pivot":{"x":-31.41309928894043,"y":73.75041961669922,"z":-120.83049011230469},"rotation":{"x":0.07159744948148728,"y":-0.09945172071456909,"z":0.007041526958346367,"w":0.9925176501274109},"size":14.265044212341309,"orthographic":false}