{"cameraMode":{"drawMode":0,"name":"Shaded","section":"Shading Mode"},"sceneLighting":true,"audioPlay":false,"sceneViewState":{"m_AlwaysRefresh":false,"showFog":true,"showSkybox":true,"showFlares":true,"showImageEffects":true,"showParticleSystems":true,"showVisualEffectGraphs":true,"m_FxEnabled":false},"in2DMode":false,"pivot":{"x":-24.33428955078125,"y":78.09247589111328,"z":-143.3819580078125},"rotation":{"x":0.020991608500480653,"y":-0.033848702907562259,"z":0.0005884763668291271,"w":0.9992771148681641},"size":1.3182045221328736,"orthographic":false}