{"cameraMode":{"drawMode":0,"name":"Shaded","section":"Shading Mode"},"sceneLighting":true,"audioPlay":false,"sceneViewState":{"m_AlwaysRefresh":false,"showFog":true,"showSkybox":true,"showFlares":true,"showImageEffects":true,"showParticleSystems":true,"showVisualEffectGraphs":true,"m_FxEnabled":false},"in2DMode":false,"pivot":{"x":-11.657388687133789,"y":73.0914306640625,"z":-125.13079071044922},"rotation":{"x":0.09520860761404038,"y":0.31311213970184328,"z":-0.03166307508945465,"w":0.9444618225097656},"size":10.962440490722657,"orthographic":false}