{"cameraMode":{"drawMode":0,"name":"Shaded","section":"Shading Mode"},"sceneLighting":true,"audioPlay":false,"sceneViewState":{"m_AlwaysRefresh":false,"showFog":true,"showSkybox":true,"showFlares":true,"showImageEffects":true,"showParticleSystems":true,"showVisualEffectGraphs":true,"m_FxEnabled":false},"in2DMode":false,"pivot":{"x":-7.155575752258301,"y":77.71322631835938,"z":-137.82632446289063},"rotation":{"x":-0.02544686384499073,"y":-0.05930415168404579,"z":-0.0016432275297120214,"w":0.9979863166809082},"size":1.2247449159622193,"orthographic":false}