{"cameraMode":{"drawMode":0,"name":"Shaded","section":"Shading Mode"},"sceneLighting":true,"audioPlay":false,"sceneViewState":{"m_AlwaysRefresh":false,"showFog":true,"showSkybox":true,"showFlares":true,"showImageEffects":true,"showParticleSystems":true,"showVisualEffectGraphs":true,"m_FxEnabled":false},"in2DMode":false,"pivot":{"x":-6.680872440338135,"y":71.75312042236328,"z":-127.56730651855469},"rotation":{"x":-0.14941677451133729,"y":0.018074657768011094,"z":-0.002710481407120824,"w":-0.9886361360549927},"size":12.12435531616211,"orthographic":false}